{
  "generation": 27,
  "fitness": 2.408891,
  "genes": {
    "da_stdp_lr": 0.060880,
    "reward_scale": 3.553549,
    "cortical_a_plus": 0.017149,
    "cortical_a_minus": 0.010250,
    "cortical_w_max": 2.740003,
    "exploration_noise": 70.285843,
    "bg_to_m1_gain": 2.421484,
    "attractor_ratio": 0.388697,
    "background_ratio": 0.251421,
    "replay_passes": 5.070296,
    "replay_da_scale": 0.993019,
    "lgn_gain": 243.186905,
    "lgn_baseline": 3.081524,
    "lgn_noise": 4.248935,
    "homeostatic_target": 7.430504,
    "homeostatic_eta": 0.006830,
    "v1_size": 1.104407,
    "dlpfc_size": 1.373450,
    "bg_size": 1.273380,
    "brain_steps": 16.173628,
    "reward_steps": 8.292043,
    "ne_food_scale": 6.132623,
    "ne_floor": 0.562175
  }
}