{
  "generation": 24,
  "fitness": 3.000667,
  "genes": {
    "da_stdp_lr": 0.050631,
    "reward_scale": 2.224639,
    "cortical_a_plus": 0.013088,
    "cortical_a_minus": 0.018972,
    "cortical_w_max": 0.500000,
    "exploration_noise": 72.676270,
    "bg_to_m1_gain": 12.075620,
    "attractor_ratio": 0.397961,
    "background_ratio": 0.289625,
    "replay_passes": 3.763149,
    "replay_da_scale": 0.116513,
    "lgn_gain": 414.659485,
    "lgn_baseline": 16.756351,
    "lgn_noise": 0.500000,
    "homeostatic_target": 12.611122,
    "homeostatic_eta": 0.000751,
    "v1_size": 0.806619,
    "dlpfc_size": 0.883673,
    "bg_size": 1.006181,
    "brain_steps": 13.046603,
    "reward_steps": 9.152643,
    "ne_food_scale": 6.468430,
    "ne_floor": 0.906105
  }
}