{
  "generation": 8,
  "fitness": 1.729600,
  "genes": {
    "da_stdp_lr": 0.079927,
    "reward_scale": 2.386548,
    "cortical_a_plus": 0.001448,
    "cortical_a_minus": 0.013021,
    "cortical_w_max": 1.420550,
    "exploration_noise": 35.613388,
    "bg_to_m1_gain": 6.090171,
    "attractor_ratio": 0.554057,
    "background_ratio": 0.022452,
    "replay_passes": 10.795814,
    "replay_da_scale": 0.611747,
    "lgn_gain": 233.513092,
    "lgn_baseline": 17.287901,
    "lgn_noise": 4.925517,
    "homeostatic_target": 10.996952,
    "homeostatic_eta": 0.007889,
    "v1_size": 1.750040,
    "dlpfc_size": 1.088382,
    "bg_size": 0.962380,
    "brain_steps": 11.774914,
    "reward_steps": 9.196651,
    "ne_food_scale": 6.547328,
    "ne_floor": 0.648762
  }
}