{
  "generation": 3,
  "fitness": 0.391730,
  "genes": {
    "da_stdp_lr": 0.061848,
    "reward_scale": 0.585519,
    "cortical_a_plus": 0.008095,
    "cortical_a_minus": 0.009869,
    "cortical_w_max": 2.479593,
    "exploration_noise": 92.792656,
    "bg_to_m1_gain": 20.352238,
    "attractor_ratio": 0.636821,
    "background_ratio": 0.222179,
    "replay_passes": 4.160762,
    "replay_da_scale": 0.616227,
    "lgn_gain": 198.880188,
    "lgn_baseline": 9.624493,
    "lgn_noise": 0.680244,
    "homeostatic_target": 9.540721,
    "homeostatic_eta": 0.008818,
    "v1_size": 0.786943,
    "dlpfc_size": 2.465790,
    "bg_size": 1.030736,
    "brain_steps": 14.649490,
    "reward_steps": 3.680050,
    "ne_food_scale": 1.911011,
    "ne_floor": 0.951793
  }
}