{
  "generation": 2,
  "fitness": 2.503180,
  "genes": {
    "da_stdp_lr": 0.021765,
    "reward_scale": 3.502093,
    "cortical_a_plus": 0.001000,
    "cortical_a_minus": 0.009977,
    "cortical_w_max": 0.811195,
    "exploration_noise": 47.676445,
    "bg_to_m1_gain": 7.080769,
    "attractor_ratio": 0.502599,
    "background_ratio": 0.258739,
    "replay_passes": 14.290600,
    "replay_da_scale": 0.306383,
    "lgn_gain": 393.939423,
    "lgn_baseline": 16.032379,
    "lgn_noise": 6.716854,
    "homeostatic_target": 1.614724,
    "homeostatic_eta": 0.004390,
    "v1_size": 1.115971,
    "dlpfc_size": 2.309507,
    "bg_size": 0.774166,
    "brain_steps": 15.539827,
    "reward_steps": 6.735184,
    "ne_food_scale": 2.364381,
    "ne_floor": 0.809079
  }
}