{
  "generation": 26,
  "fitness": 2.054782,
  "genes": {
    "da_stdp_lr": 0.014364,
    "reward_scale": 1.427704,
    "cortical_a_plus": 0.004085,
    "cortical_a_minus": 0.006179,
    "cortical_w_max": 1.308919,
    "exploration_noise": 82.972755,
    "bg_to_m1_gain": 10.759430,
    "attractor_ratio": 0.342376,
    "background_ratio": 0.222179,
    "replay_passes": 6.997122,
    "replay_da_scale": 0.743788,
    "lgn_gain": 468.977997,
    "lgn_baseline": 8.721259,
    "lgn_noise": 0.500000,
    "homeostatic_target": 10.944695,
    "homeostatic_eta": 0.000734,
    "v1_size": 1.013332,
    "dlpfc_size": 2.172884,
    "bg_size": 1.332729,
    "brain_steps": 11.835993,
    "reward_steps": 6.951884,
    "ne_food_scale": 1.000000,
    "ne_floor": 0.673396
  }
}