{
  "generation": 87,
  "fitness": 2.531771,
  "genes": {
    "da_stdp_lr": 0.039473,
    "reward_scale": 5.000000,
    "cortical_a_plus": 0.004996,
    "cortical_a_minus": 0.013021,
    "cortical_w_max": 2.209883,
    "exploration_noise": 69.863281,
    "bg_to_m1_gain": 5.675197,
    "attractor_ratio": 0.465791,
    "background_ratio": 0.300000,
    "replay_passes": 5.426166,
    "replay_da_scale": 0.758632,
    "lgn_gain": 500.000000,
    "lgn_baseline": 19.157642,
    "lgn_noise": 0.500000,
    "homeostatic_target": 14.399061,
    "homeostatic_eta": 0.006699,
    "v1_size": 1.397310,
    "dlpfc_size": 0.965904,
    "bg_size": 0.908682,
    "brain_steps": 14.012547,
    "reward_steps": 9.729405,
    "ne_food_scale": 2.588968,
    "ne_floor": 0.841131
  }
}