{
  "generation": 27,
  "fitness": 2.854976,
  "genes": {
    "da_stdp_lr": 0.042918,
    "reward_scale": 4.947710,
    "cortical_a_plus": 0.015541,
    "cortical_a_minus": 0.006774,
    "cortical_w_max": 1.879184,
    "exploration_noise": 61.929688,
    "bg_to_m1_gain": 6.286092,
    "attractor_ratio": 0.342376,
    "background_ratio": 0.184733,
    "replay_passes": 6.462007,
    "replay_da_scale": 0.995908,
    "lgn_gain": 50.000000,
    "lgn_baseline": 18.613733,
    "lgn_noise": 5.646511,
    "homeostatic_target": 9.980096,
    "homeostatic_eta": 0.000100,
    "v1_size": 0.932871,
    "dlpfc_size": 2.120429,
    "bg_size": 0.979435,
    "brain_steps": 16.213961,
    "reward_steps": 8.183124,
    "ne_food_scale": 6.961943,
    "ne_floor": 0.900550
  }
}