{
  "generation": 10,
  "fitness": 2.890455,
  "genes": {
    "da_stdp_lr": 0.046297,
    "reward_scale": 1.793363,
    "cortical_a_plus": 0.002817,
    "cortical_a_minus": 0.010643,
    "cortical_w_max": 2.810852,
    "exploration_noise": 55.454285,
    "bg_to_m1_gain": 20.797184,
    "attractor_ratio": 0.347428,
    "background_ratio": 0.239513,
    "replay_passes": 9.482121,
    "replay_da_scale": 0.616227,
    "lgn_gain": 188.374969,
    "lgn_baseline": 4.807461,
    "lgn_noise": 2.564297,
    "homeostatic_target": 5.442699,
    "homeostatic_eta": 0.001528,
    "v1_size": 0.755303,
    "dlpfc_size": 1.151098,
    "bg_size": 1.527705,
    "brain_steps": 16.756954,
    "reward_steps": 9.737160,
    "ne_food_scale": 1.000000,
    "ne_floor": 1.000000
  }
}